threshold_A1,threshold_A2,threshold_B1,threshold_B2,threshold_C1,threshold_C2
0.011965473913607813,0.011978680845525575,0.007424774423574721,0.007314543426902928,0.004998827443656052,0.004963637813270905
